word,level
administration,6
approach,6
australian,6
biggest,6
cancer,6
defense,6
direction,6
independent,6
master,6
reasons,6
russia,6
weekend,6
wonder,6
africa,6
awesome,6
clearly,6
commercial,6
compared,6
effort,6
fighting,6
imagine,6
impact,6
latest,6
learning,6
multiple,6
operation,6
organization,6
passed,6
pictures,6
protect,6
secret,6
senior,6
spring,6
sunday,6
telling,6
activities,6
address,6
analysis,6
anyway,6
bought,6
choose,6
christmas,6
commission,6
competition,6
details,6
direct,6
easily,6
finish,6
increased,6
indian,6
literally,6
marriage,6
necessary,6
patients,6
resources,6
speaking,6
supposed,6
yesterday,6
caught,6
closed,6
congress,6
damage,6
directly,6
disease,6
doctor,6
driving,6
established,6
facebook,6
germany,6
greater,6
largest,6
machine,6
notice,6
overall,6
planning,6
professor,6
programs,6
records,6
reports,6
associated,6
captain,6
effective,6
effects,6
explain,6
highly,6
holding,6
parties,6
reality,6
winter,6
advice,6
agreement,6
broken,6
caused,6
challenge,6
characters,6
christian,6
comment,6
equipment,6
eventually,6
helped,6
killing,6
nation,6
otherwise,6
prices,6
primary,6
purpose,6
responsible,6
showing,6
teacher,6
theory,6
william,6
agency,6
camera,6
comments,6
economy,6
environment,6
executive,6
meaning,6
mission,6
officers,6
operations,6
politics,6
produced,6
saturday,6
status,6
therefore,6
weather,6
activity,6
application,6
claims,6
coffee,6
complex,6
condition,6
division,6
evening,6
flight,6
freedom,6
google,6
highest,6
interview,6
library,6
located,6
location,6
murder,6
offered,6
putting,6
seconds,6
showed,6
sitting,6
standing,6
walking,6
accept,6
actual,6
appear,6
attempt,6
channel,6
distance,6
eating,6
exchange,6
finding,6
learned,6
losing,6
mobile,6
northern,6
opened,6
placed,6
powerful,6
protection,6
reached,6
receive,6
religious,6
robert,6
screen,6
signed,6
species,6
speech,6
traffic,6
wearing,6
wonderful,6
agreed,6
airport,6
animals,6
appears,6
benefits,6
bottom,6
cities,6
demand,6
engine,6
everybody,6
famous,6
investment,6
keeping,6
partner,6
raised,6
solution,6
sources,6
southern,6
square,6
stopped,6
structure,6
thomas,6
traditional,6
americans,6
appeared,6
becomes,6
chicago,6
covered,6
critical,6
digital,6
forced,6
fourth,6
mental,6
mentioned,6
missed,6
mostly,6
photos,6
previously,6
realize,6
remain,6
separate,6
starts,6
surface,6
totally,6
twitter,6
wedding,6
acting,6
actions,6
african,6
benefit,6
budget,6
estate,6
failed,6
fashion,6
feature,6
generation,6
hearing,6
larger,6
profile,6
returned,6
seemed,6
sexual,6
target,6
understanding,6
village,6
animal,6
authority,6
becoming,6
employees,6
follows,6
foundation,6
individuals,6
japanese,6
leaders,6
memory,6
projects,6
selling,6
served,6
silver,6
spread,6
supply,6
apparently,6
artist,6
chairman,6
edition,6
engineering,6
happening,6
healthy,6
institute,6
method,6
monday,6
nations,6
obviously,6
option,6
prison,6
provides,6
remains,6
senate,6
smaller,6
somebody,6
strength,6
window,6
winner,6
arrived,6
christ,6
continues,6
correct,6
dangerous,6
extremely,6
greatest,6
handle,6
improve,6
indeed,6
leaves,6
movies,6
negative,6
prevent,6
removed,6
richard,6
spirit,6
television,6
trouble,6
videos,6
advantage,6
customers,6
decide,6
dinner,6
dollars,6
eastern,6
function,6
helping,6
herself,6
impossible,6
influence,6
marketing,6
materials,6
produce,6
progress,6
require,6
shooting,6
standards,6
thinks,6
background,6
bridge,6
carried,6
charles,6
classes,6
completed,6
concept,6
efforts,6
garden,6
housing,6
israel,6
journal,6
leadership,6
length,6
neither,6
patient,6
possibly,6
setting,6
skills,6
software,6
thousands,6
balance,6
birthday,6
changing,6
connection,6
easier,6
fellow,6
florida,6
knowing,6
managed,6
request,6
vehicle,6
volume,6
beauty,6
believed,6
billion,6
buying,6
concerned,6
conversation,6
corner,6
criminal,6
cultural,6
develop,6
driver,6
existing,6
images,6
investigation,6
mexico,6
operating,6
paying,6
presented,6
responsibility,6
slightly,6
suggest,6
surprise,6
technical,6
thoughts,6
unique,6
variety,6
violence,6
weapons,6
appreciate,6
bigger,6
breaking,6
discovered,6
excited,6
forever,6
injury,6
lovely,6
magazine,6
martin,6
models,6
offers,6
ordered,6
parliament,6
prepared,6
reference,6
religion,6
somewhere,6
stated,6
strategy,6
teachers,6
accounts,6
angeles,6
audience,6
closer,6
democratic,6
description,6
dropped,6
excellent,6
figures,6
honest,6
issued,6
joined,6
medicine,6
mention,6
mountain,6
nuclear,6
orders,6
presence,6
reaction,6
reduce,6
spanish,6
stress,6
victory,6
afternoon,6
assistant,6
britain,6
citizens,6
classic,6
clothes,6
decisions,6
electric,6
emergency,6
entered,6
entirely,6
failure,6
festival,6
houses,6
initial,6
introduced,6
johnson,6
massive,6
matters,6
picked,6
pieces,6
plenty,6
prince,6
proper,6
providing,6
quarter,6
regional,6
session,6
teaching,6
toward,6
transfer,6
useful,6
valley,6
watched,6
willing,6
windows,6
accident,6
advanced,6
alternative,6
anywhere,6
articles,6
awards,6
bringing,6
capacity,6
climate,6
communities,6
discussion,6
drinking,6
fantastic,6
feelings,6
flying,6
governor,6
hundred,6
industrial,6
museum,6
options,6
plants,6
policies,6
promise,6
proposed,6
purchase,6
remove,6
spending,6
supporting,6
terrible,6
treated,6
turning,6
afraid,6
border,6
canadian,6
command,6
dating,6
elements,6
ensure,6
environmental,6
filled,6
forest,6
intelligence,6
intended,6
labour,6
powers,6
profit,6
republican,6
soldiers,6
appearance,6
attorney,6
behavior,6
bodies,6
brothers,6
buildings,6
creating,6
domestic,6
expensive,6
historical,6
honestly,6
launch,6
listed,6
minimum,6
native,6
originally,6
planned,6
suddenly,6
supreme,6
survey,6
update,6
writer,6
yellow,6
younger,6
ancient,6
attacks,6
charges,6
combined,6
communication,6
connected,6
contains,6
download,6
ending,6
exercise,6
express,6
formed,6
girlfriend,6
illegal,6
increasing,6
methods,6
officials,6
performed,6
planet,6
relationships,6
restaurant,6
scotland,6
selected,6
shared,6
shopping,6
suggested,6
supported,6
surprised,6
taught,6
transport,6
accepted,6
adding,6
affairs,6
allows,6
appeal,6
applied,6
appropriate,6
artists,6
boston,6
confirmed,6
device,6
factor,6
golden,6
hoping,6
lawyer,6
measures,6
mistake,6
muslim,6
organizations,6
platform,6
pulled,6
regarding,6
relations,6
requires,6
schedule,6
scientific,6
testing,6
values,6
walked,6
williams,6
businesses,6
candidate,6
comfortable,6
concern,6
developing,6
discuss,6
elections,6
emotional,6
everywhere,6
facilities,6
falling,6
holiday,6
interests,6
internal,6
ireland,6
italian,6
jersey,6
letters,6
liberal,6
listening,6
payment,6
perform,6
recorded,6
relatively,6
sector,6
sharing,6
streets,6
strike,6
studio,6
youtube,6
advance,6
apartment,6
chapter,6
committed,6
confidence,6
finance,6
focused,6
identity,6
journey,6
kitchen,6
maintain,6
measure,6
numerous,6
owners,6
properties,6
revealed,6
specifically,6
taylor,6
twenty,6
affected,6
aircraft,6
applications,6
approved,6
approximately,6
argument,6
arrested,6
claimed,6
conflict,6
considering,6
corporate,6
debate,6
determined,6
distribution,6
documents,6
escape,6
extended,6
factors,6
faster,6
flowers,6
friendly,6
ladies,6
lights,6
millions,6
properly,6
reduced,6
requirements,6
residents,6
revenue,6
secure,6
strange,6
talent,6
temperature,6
thousand,6
troops,6
authorities,6
basically,6
besides,6
causes,6
chicken,6
collected,6
context,6
coverage,6
determine,6
display,6
elected,6
examples,6
experienced,6
forgot,6
funding,6
identified,6
incredible,6
inspired,6
launched,6
ministry,6
noticed,6
obvious,6
passing,6
positions,6
remaining,6
scored,6
slowly,6
stadium,6
stores,6
surgery,6
trading,6
tuesday,6
vision,6
whenever,6
worried,6
allowing,6
begins,6
champion,6
charged,6
crisis,6
daniel,6
delivered,6
editor,6
estimated,6
kingdom,6
literature,6
moments,6
opposite,6
orange,6
ourselves,6
remained,6
selection,6
serving,6
signal,6
stream,6
struggle,6
suicide,6
talked,6
thursday,6
typically,6
unfortunately,6
vehicles,6
virginia,6
voting,6
alcohol,6
assembly,6
breakfast,6
bright,6
brings,6
capable,6
carrying,6
chosen,6
combination,6
conservative,6
customer,6
cutting,6
desire,6
destroyed,6
essential,6
familiar,6
granted,6
guilty,6
humans,6
hundreds,6
improved,6
jewish,6
largely,6
laughing,6
markets,6
medium,6
opportunities,6
papers,6
perfectly,6
recommend,6
referred,6
relevant,6
sending,6
stands,6
ticket,6
unable,6
answers,6
creative,6
dealing,6
directed,6
educational,6
entertainment,6
extreme,6
facility,6
fields,6
mainly,6
maximum,6
newspaper,6
offering,6
painting,6
republic,6
reserve,6
returns,6
scared,6
scottish,6
shares,6
statistics,6
switch,6
territory,6
threat,6
tickets,6
adults,6
affect,6
appointed,6
assistance,6
boyfriend,6
careful,6
circumstances,6
communications,6
concerns,6
controlled,6
corporation,6
danger,6
delivery,6
deserve,6
devices,6
dollar,6
dreams,6
enjoyed,6
explained,6
fucked,6
gender,6
instance,6
matches,6
motion,6
pacific,6
realized,6
reasonable,6
receiving,6
register,6
resolution,6
saving,6
singing,6
typical,6
universe,6
warning,6
wednesday,6
attitude,6
branch,6
brazil,6
conducted,6
decades,6
dedicated,6
definition,6
drawing,6
heaven,6
independence,6
institutions,6
jackson,6
possibility,6
random,6
recovery,6
replace,6
represent,6
reviews,6
scenes,6
seeking,6
senator,6
sentence,6
trained,6
understood,6
academic,6
academy,6
accurate,6
achieve,6
afford,6
andrew,6
assume,6
bottle,6
category,6
cheese,6
chemical,6
clinton,6
competitive,6
detail,6
favourite,6
harder,6
normally,6
occurred,6
opposition,6
parent,6
permanent,6
personally,6
pleasure,6
prefer,6
programme,6
representative,6
scheme,6
storage,6
transportation,6
ultimately,6
unlike,6
weekly,6
anybody,6
assets,6
basketball,6
button,6
candidates,6
combat,6
constitution,6
consumer,6
counter,6
creation,6
crying,6
defined,6
depending,6
depression,6
describe,6
drivers,6
employment,6
exclusive,6
excuse,6
expert,6
frequently,6
hopefully,6
identify,6
importance,6
latter,6
manufacturing,6
mining,6
object,6
partners,6
pattern,6
performing,6
personnel,6
perspective,6
pregnant,6
premier,6
promote,6
revolution,6
severe,6
sleeping,6
suppose,6
tournament,6
turkey,6
victim,6
victims,6
agents,6
amazon,6
arrest,6
attend,6
brilliant,6
carbon,6
catholic,6
circle,6
concert,6
declared,6
deliver,6
deputy,6
doctors,6
earned,6
electronic,6
existence,6
experiences,6
expression,6
factory,6
headed,6
interior,6
legislation,6
maintenance,6
manner,6
nearby,6
origin,6
pakistan,6
personality,6
practices,6
prepare,6
relief,6
replaced,6
resistance,6
retail,6
somewhat,6
staying,6
stronger,6
surely,6
updated,6
writers,6
absolute,6
advertising,6
agencies,6
baseball,6
bathroom,6
championship,6
checked,6
client,6
constant,6
degrees,6
democrats,6
driven,6
empire,6
exciting,6
expansion,6
heavily,6
incident,6
linked,6
manage,6
messages,6
michigan,6
politicians,6
refused,6
reporting,6
significantly,6
soviet,6
weapon,6
widely,6
worldwide,6
anniversary,6
attractive,6
causing,6
closely,6
constantly,6
contest,6
deaths,6
depends,6
francisco,6
hardly,6
height,6
hidden,6
invited,6
letting,6
manchester,6
marine,6
officially,6
portion,6
pounds,6
princess,6
protein,6
reform,6
regions,6
represented,6
respond,6
retirement,6
sample,6
secondary,6
somehow,6
stayed,6
suffering,6
sydney,6
ultimate,6
unknown,6
wilson,6
wondering,6
attached,6
attacked,6
automatically,6
battery,6
breath,6
carolina,6
conduct,6
decade,6
destroy,6
differences,6
edward,6
engaged,6
experts,6
expressed,6
external,6
fantasy,6
hollywood,6
immediate,6
introduction,6
joseph,6
license,6
presidential,6
principal,6
recognize,6
recognized,6
registered,6
regularly,6
representatives,6
rising,6
seasons,6
shipping,6
singer,6
smoking,6
suffered,6
survive,6
theatre,6
therapy,6
witness,6
adopted,6
campus,6
chances,6
childhood,6
clinical,6
comedy,6
commander,6
comparison,6
covers,6
defeat,6
defence,6
democracy,6
detailed,6
entitled,6
exposed,6
injured,6
jordan,6
musical,6
objects,6
opposed,6
organized,6
plastic,6
protected,6
purposes,6
recording,6
statements,6
suspect,6
techniques,6
valuable,6
wealth,6
approval,6
aspects,6
attempts,6
burning,6
champions,6
contain,6
convention,6
dancing,6
document,6
employee,6
engineer,6
equivalent,6
facing,6
fairly,6
fingers,6
founded,6
functions,6
graduate,6
hanging,6
islands,6
marked,6
memories,6
miller,6
monthly,6
mountains,6
neighborhood,6
operate,6
outstanding,6
permission,6
racing,6
recommended,6
regulations,6
republicans,6
scientists,6
shoulder,6
shower,6
solutions,6
stations,6
stephen,6
tradition,6
visited,6
visual,6
zealand,6
achieved,6
admitted,6
appointment,6
authors,6
barely,6
cabinet,6
celebrate,6
challenges,6
chocolate,6
colour,6
contemporary,6
criticism,6
effectively,6
extensive,6
formation,6
fought,6
gained,6
gallery,6
highway,6
historic,6
improvement,6
initially,6
junior,6
korean,6
monster,6
obtained,6
olympic,6
philosophy,6
promised,6
repeat,6
returning,6
riding,6
settlement,6
sought,6
speaker,6
studied,6
suggests,6
surrounding,6
toronto,6
universal,6
visitors,6
wanting,6
consistent,6
continuing,6
exists,6
finger,6
guitar,6
heading,6
howard,6
ignore,6
involving,6
meanwhile,6
meetings,6
naturally,6
necessarily,6
offices,6
partnership,6
payments,6
percentage,6
pocket,6
practical,6
primarily,6
proved,6
regardless,6
relative,6
represents,6
rescue,6
resulting,6
sessions,6
soccer,6
stable,6
structures,6
supplies,6
symptoms,6
temporary,6
tested,6
attended,6
bullshit,6
chamber,6
circuit,6
clothing,6
complicated,6
confused,6
consequences,6
defend,6
divided,6
elizabeth,6
everyday,6
extent,6
fishing,6
format,6
gotten,6
healthcare,6
household,6
immigration,6
impressive,6
joining,6
killer,6
lesson,6
limits,6
loving,6
managers,6
membership,6
mirror,6
nights,6
parking,6
proposal,6
province,6
purchased,6
recognition,6
reputation,6
rolling,6
shortly,6
situations,6
strongly,6
technique,6
accused,6
adventure,6
assessment,6
atmosphere,6
bedroom,6
belief,6
breaks,6
carefully,6
choices,6
closing,6
colorado,6
colors,6
contrast,6
courses,6
courts,6
donald,6
element,6
elsewhere,6
establish,6
extension,6
founder,6
georgia,6
hitting,6
increases,6
infrastructure,6
locations,6
machines,6
offensive,6
package,6
pointed,6
poverty,6
processes,6
processing,6
qualified,6
railway,6
reaching,6
ridiculous,6
sensitive,6
server,6
silence,6
soldier,6
superior,6
supporters,6
transition,6
violent,6
voters,6
actress,6
administrative,6
alongside,6
anxiety,6
babies,6
castle,6
charity,6
clients,6
compare,6
contained,6
cooking,6
covering,6
curious,6
directors,6
discovery,6
discussed,6
encourage,6
enforcement,6
featuring,6
finals,6
formal,6
formula,6
governments,6
horses,6
hungry,6
informed,6
innocent,6
losses,6
mistakes,6
mystery,6
networks,6
olympics,6
palace,6
passes,6
penalty,6
phones,6
photography,6
producing,6
protest,6
publication,6
rating,6
respectively,6
scheduled,6
select,6
silent,6
spoken,6
successfully,6
suffer,6
temple,6
tracks,6
unusual,6
waters,6
arrival,6
assault,6
awareness,6
captured,6
components,6
concrete,6
deeply,6
expectations,6
explanation,6
exposure,6
featured,6
fiction,6
guarantee,6
happiness,6
harris,6
hearts,6
horrible,6
illinois,6
injuries,6
islamic,6
legend,6
lieutenant,6
muscle,6
muslims,6
passion,6
picking,6
pleased,6
procedure,6
producer,6
pushing,6
replacement,6
retired,6
savings,6
settled,6
shadow,6
singles,6
thread,6
victoria,6
visiting,6
avenue,6
beating,6
believes,6
blocks,6
boring,6
charlie,6
checking,6
commissioner,6
commitment,6
confident,6
containing,6
copies,6
crimes,6
custom,6
denied,6
drinks,6
electricity,6
episodes,6
farmers,6
grounds,6
helpful,6
horror,6
iphone,6
liverpool,6
locked,6
output,6
persons,6
pushed,6
raising,6
reveal,6
romantic,6
scores,6
sisters,6
speaks,6
stages,6
strategic,6
swimming,6
welfare,6
winners,6
worker,6
afterwards,6
alright,6
android,6
architecture,6
assist,6
attempted,6
behalf,6
capture,6
centers,6
ceremony,6
dallas,6
designer,6
diamond,6
disappointed,6
dressed,6
economics,6
efficient,6
electrical,6
employed,6
enjoying,6
entering,6
essentially,6
establishment,6
expecting,6
explains,6
flower,6
guests,6
handed,6
hockey,6
houston,6
hunting,6
industries,6
judges,6
languages,6
morgan,6
moscow,6
nervous,6
ordinary,6
participate,6
philadelphia,6
prayer,6
principles,6
racist,6
rarely,6
references,6
stomach,6
struck,6
studying,6
supports,6
walker,6
whoever,6
amounts,6
anthony,6
arthur,6
aspect,6
banned,6
bureau,6
colonel,6
comfort,6
controls,6
cousin,6
demands,6
dragon,6
dramatic,6
engineers,6
evolution,6
illness,6
inspiration,6
institution,6
lately,6
lowest,6
memorial,6
mexican,6
minority,6
opinions,6
patterns,6
presents,6
priority,6
promotion,6
readers,6
remote,6
repair,6
stolen,6
telephone,6
titles,6
whereas,6
abandoned,6
acquired,6
actors,6
alexander,6
alliance,6
annoying,6
buried,6
butter,6
columbia,6
conclusion,6
confirm,6
congratulations,6
contracts,6
convinced,6
crystal,6
decent,6
decline,6
describes,6
desert,6
downtown,6
enemies,6
forgotten,6
insane,6
installed,6
israeli,6
landing,6
managing,6
nowhere,6
obtain,6
organic,6
ownership,6
participants,6
pennsylvania,6
poetry,6
printed,6
recall,6
signing,6
smooth,6
spiritual,6
string,6
sudden,6
sweden,6
throwing,6
thrown,6
vacation,6
abroad,6
assigned,6
associate,6
assumed,6
atlantic,6
bother,6
broadcast,6
cambridge,6
citizen,6
cleaning,6
compete,6
consists,6
consumers,6
contributed,6
cricket,6
critics,6
damaged,6
disaster,6
discover,6
disney,6
entrance,6
equally,6
fallen,6
figured,6
fitness,6
francis,6
friendship,6
handling,6
intense,6
lawyers,6
lifetime,6
liquid,6
makeup,6
mortgage,6
narrative,6
narrow,6
observed,6
occasionally,6
physics,6
posting,6
potentially,6
reduction,6
reflect,6
refuse,6
researchers,6
resource,6
sciences,6
seattle,6
serves,6
subsequent,6
translation,6
visible,6
amendment,6
arizona,6
arrive,6
belong,6
berlin,6
bishop,6
channels,6
commonly,6
connect,6
defensive,6
designs,6
efficiency,6
enterprise,6
experiment,6
females,6
findings,6
increasingly,6
incredibly,6
journalist,6
kicked,6
lessons,6
maintained,6
occasion,6
oxford,6
passenger,6
possession,6
regulation,6
resident,6
shaped,6
styles,6
subjects,6
suitable,6
thirty,6
whilst,6
agriculture,6
alleged,6
atlanta,6
christians,6
collect,6
commerce,6
currency,6
emotions,6
exhibition,6
funeral,6
genuine,6
gordon,6
honour,6
hunter,6
immigrants,6
improving,6
instructions,6
introduce,6
kansas,6
legacy,6
matthew,6
merely,6
monitor,6
patrick,6
prisoners,6
programming,6
publishing,6
regret,6
rejected,6
remind,6
resort,6
resulted,6
reverse,6
routine,6
settle,6
summary,6
survival,6
tongue,6
achievement,6
anderson,6
argued,6
asleep,6
austin,6
automatic,6
behaviour,6
comprehensive,6
consent,6
destruction,6
diseases,6
divorce,6
engage,6
extraordinary,6
frequency,6
gaming,6
headquarters,6
heritage,6
initiative,6
interviews,6
landscape,6
melbourne,6
microsoft,6
objective,6
organisation,6
privacy,6
procedures,6
profits,6
reducing,6
regard,6
representing,6
residence,6
roughly,6
salary,6
scoring,6
script,6
searching,6
sections,6
surrounded,6
threatened,6
transferred,6
universities,6
walter,6
wisconsin,6
writes,6
ambassador,6
awarded,6
banking,6
breast,6
carter,6
chelsea,6
chemistry,6
concluded,6
consumption,6
corruption,6
cotton,6
crossed,6
detroit,6
discount,6
engines,6
exception,6
expand,6
gorgeous,6
grateful,6
heroes,6
impression,6
inches,6
indicate,6
johnny,6
leather,6
luxury,6
lyrics,6
manufacturers,6
masters,6
movements,6
operated,6
outcome,6
painted,6
preferred,6
pulling,6
ranked,6
referring,6
removal,6
reporter,6
screaming,6
sequence,6
singapore,6
stretch,6
tennis,6
terrorist,6
theater,6
twelve,6
versions,6
virgin,6
voices,6
wishes,6
absence,6
agricultural,6
asshole,6
athletes,6
cameras,6
commonwealth,6
contribute,6
contribution,6
contributions,6
couples,6
delicious,6
deserves,6
extend,6
generated,6
genetic,6
glasses,6
impressed,6
indicated,6
instant,6
investors,6
involves,6
liberty,6
ministers,6
monitoring,6
occurs,6
passengers,6
photographs,6
principle,6
producers,6
progressive,6
punishment,6
rapidly,6
reader,6
representation,6
restaurants,6
reveals,6
samples,6
upcoming,6
veterans,6
arguments,6
claiming,6
column,6
commit,6
compensation,6
composition,6
computers,6
conservation,6
constitutional,6
crossing,6
defending,6
density,6
difficulty,6
dropping,6
elementary,6
ethnic,6
expenses,6
foster,6
fuckin,6
fundamental,6
genius,6
greatly,6
guidance,6
hospitals,6
infection,6
instagram,6
intention,6
mechanical,6
nigeria,6
participation,6
periods,6
precious,6
pregnancy,6
premium,6
preparing,6
pretend,6
priest,6
prominent,6
proven,6
radical,6
remembered,6
requested,6
residential,6
reward,6
russell,6
satellite,6
struggling,6
substantial,6
temperatures,6
transmission,6
uniform,6
wildlife,6
wooden,6
aggressive,6
answered,6
apparent,6
brands,6
centuries,6
communist,6
complaint,6
component,6
connections,6
courage,6
desperate,6
diversity,6
duties,6
encouraged,6
faculty,6
feedback,6
fighter,6
frozen,6
guards,6
hiding,6
humanity,6
innovation,6
instruments,6
invest,6
jacket,6
justin,6
legislative,6
listing,6
manual,6
mothers,6
murdered,6
nursing,6
occupied,6
ongoing,6
operator,6
painful,6
preparation,6
purple,6
railroad,6
registration,6
releases,6
romance,6
submitted,6
sufficient,6
survived,6
suspended,6
technologies,6
tissue,6
trailer,6
trends,6
trials,6
ukraine,6
underground,6
versus,6
virtual,6
wounded,6
amongst,6
announcement,6
arranged,6
arsenal,6
attending,6
attracted,6
biological,6
blocked,6
boards,6
burned,6
categories,6
checks,6
concerning,6
database,6
define,6
discrimination,6
disorder,6
distributed,6
districts,6
documentary,6
domain,6
dynamic,6
edited,6
engagement,6
explore,6
favour,6
footage,6
giants,6
hamilton,6
implementation,6
indiana,6
investigate,6
jonathan,6
laboratory,6
lawrence,6
lincoln,6
literary,6
massachusetts,6
midnight,6
minnesota,6
packed,6
praise,6
presentation,6
psychology,6
relation,6
restrictions,6
rocket,6
secrets,6
stability,6
steady,6
stones,6
symbol,6
terminal,6
toilet,6
treaty,6
triple,6
unlikely,6
updates,6
vietnam,6
viewed,6
affair,6
agenda,6
calendar,6
collective,6
conversations,6
cooperation,6
darkness,6
deeper,6
enable,6
equity,6
estimates,6
failing,6
finishing,6
fortune,6
goodbye,6
graham,6
hardware,6
hillary,6
intellectual,6
invite,6
involvement,6
kentucky,6
madrid,6
oregon,6
partly,6
petition,6
phrase,6
physically,6
protecting,6
racial,6
regime,6
rivers,6
rounds,6
separated,6
shield,6
similarly,6
summit,6
talented,6
throat,6
touched,6
visits,6
warriors,6
wisdom,6
accounting,6
attacking,6
awkward,6
carrier,6
celebration,6
celebrity,6
certificate,6
coaching,6
colleagues,6
constructed,6
default,6
derived,6
dialogue,6
disabled,6
distinct,6
educated,6
eligible,6
estimate,6
execution,6
existed,6
followers,6
framework,6
franchise,6
funded,6
furniture,6
generations,6
guaranteed,6
integrated,6
intelligent,6
interaction,6
journalists,6
lifestyle,6
lighting,6
overseas,6
performances,6
philippines,6
polish,6
recommendations,6
recover,6
regarded,6
reliable,6
remarkable,6
responses,6
ruling,6
sacrifice,6
stopping,6
strategies,6
succeed,6
tables,6
targets,6
timing,6
volunteers,6
witnesses,6
worship,6
worthy,6
bloody,6
breathing,6
characteristics,6
collaboration,6
consideration,6
counts,6
creates,6
crucial,6
daughters,6
dependent,6
discussions,6
drives,6
edinburgh,6
equipped,6
expanded,6
experimental,6
feeding,6
filter,6
galaxy,6
grades,6
greece,6
highlights,6
intent,6
involve,6
judgment,6
kennedy,6
knight,6
malaysia,6
mature,6
netherlands,6
peaceful,6
philip,6
photographer,6
prevention,6
printing,6
promoting,6
publicly,6
repeated,6
replied,6
requests,6
revenge,6
satisfied,6
signals,6
spaces,6
specialist,6
stocks,6
stranger,6
submit,6
surprising,6
thompson,6
threats,6
tourism,6
turkish,6
volunteer,6
acceptable,6
allies,6
attempting,6
auction,6
challenging,6
churches,6
cleveland,6
composed,6
concentration,6
copper,6
counting,6
credits,6
dispute,6
earnings,6
editing,6
executed,6
firing,6
frequent,6
gardens,6
gathered,6
hilarious,6
ignored,6
improvements,6
investments,6
margin,6
maryland,6
mechanism,6
moderate,6
murray,6
oklahoma,6
overcome,6
parallel,6
passage,6
psychological,6
publications,6
radiation,6
shocked,6
stroke,6
stunning,6
topics,6
trains,6
traveling,6
treating,6
utility,6
vessel,6
wherever,6
acquisition,6
addressed,6
alabama,6
angels,6
announce,6
autumn,6
backed,6
borders,6
breathe,6
cameron,6
choosing,6
classical,6
classified,6
coaches,6
concepts,6
conspiracy,6
controversy,6
convince,6
cooper,6
disappeared,6
encounter,6
equality,6
examination,6
federation,6
fiscal,6
guardian,6
homeless,6
instrument,6
intervention,6
mainstream,6
missouri,6
mounted,6
mutual,6
occasions,6
offense,6
peoples,6
pursue,6
realise,6
refugees,6
removing,6
requirement,6
responded,6
ruined,6
segment,6
spectrum,6
terror,6
venture,6
virtually,6
waited,6
warren,6
accompanied,6
approaches,6
arguing,6
arrangement,6
beliefs,6
boundaries,6
brooklyn,6
colleges,6
considerable,6
conventional,6
designated,6
emperor,6
employers,6
enormous,6
errors,6
focusing,6
forgive,6
garage,6
gathering,6
guidelines,6
handled,6
hosted,6
indians,6
indonesia,6
inquiry,6
inspector,6
jumped,6
loaded,6
lonely,6
maintaining,6
measured,6
nevertheless,6
newspapers,6
oxygen,6
pissed,6
powder,6
powered,6
promises,6
quotes,6
racism,6
ratings,6
recovered,6
refers,6
seventh,6
shelter,6
signature,6
sooner,6
spider,6
stewart,6
strikes,6
suggesting,6
tracking,6
tribute,6
trigger,6
wheels,6
abortion,6
accuracy,6
albert,6
applying,6
artificial,6
belongs,6
beneath,6
bitcoin,6
bullet,6
celebrated,6
consistently,6
conversion,6
copyright,6
counties,6
democrat,6
deposit,6
destination,6
diverse,6
divine,6
emails,6
exclusively,6
export,6
fastest,6
formerly,6
functional,6
gather,6
grandfather,6
harvard,6
indicates,6
isolated,6
jealous,6
knocked,6
landed,6
laughed,6
marshall,6
mitchell,6
modified,6
municipal,6
neighbors,6
nelson,6
neutral,6
oldest,6
poland,6
popularity,6
professionals,6
reactions,6
relate,6
sacred,6
securities,6
speakers,6
springs,6
steven,6
suggestions,6
supplied,6
suspension,6
terrorism,6
treasury,6
tunnel,6
unions,6
upgrade,6
warrant,6
actively,6
afghanistan,6
applies,6
arrangements,6
assuming,6
backing,6
barcelona,6
blessed,6
brazilian,6
burden,6
campbell,6
carries,6
casual,6
certified,6
charter,6
civilian,6
coalition,6
complain,6
complaints,6
controversial,6
denver,6
describing,6
differently,6
directions,6
discipline,6
discussing,6
disgusting,6
dominant,6
earning,6
expense,6
explaining,6
furthermore,6
graphic,6
healing,6
hiring,6
implemented,6
instantly,6
invasion,6
jumping,6
laptop,6
legendary,6
margaret,6
opponents,6
outdoor,6
parker,6
photograph,6
quarters,6
queensland,6
rangers,6
reception,6
recipe,6
regulatory,6
reviewed,6
rubber,6
secured,6
serial,6
settings,6
sponsored,6
stealing,6
strict,6
subsequently,6
substance,6
suggestion,6
switzerland,6
syndrome,6
unexpected,6
worlds,6
accidentally,6
affordable,6
amateur,6
appeals,6
argentina,6
baltimore,6
batman,6
bearing,6
biology,6
briefly,6
cancelled,6
charlotte,6
cheaper,6
christopher,6
competing,6
completion,6
cruise,6
custody,6
delete,6
demonstrated,6
departure,6
developers,6
developments,6
eagles,6
employer,6
explosion,6
generate,6
handsome,6
holidays,6
hotels,6
imagination,6
integration,6
integrity,6
interpretation,6
legitimate,6
lightning,6
longest,6
magical,6
motivation,6
oliver,6
outfit,6
pension,6
permit,6
plates,6
pleasant,6
portrait,6
productive,6
reminds,6
reserves,6
safely,6
shirts,6
shorter,6
slight,6
socialist,6
streaming,6
targeted,6
tension,6
thailand,6
theories,6
touching,6
transactions,6
unemployment,6
useless,6
viewers,6
abilities,6
advocate,6
backup,6
beaten,6
bitter,6
branches,6
campaigns,6
clever,6
clinic,6
closest,6
collections,6
continuous,6
converted,6
correctly,6
creator,6
creatures,6
criteria,6
declined,6
detective,6
difficulties,6
disability,6
douglas,6
egyptian,6
evaluation,6
excess,6
farming,6
fighters,6
flights,6
forcing,6
forming,6
franklin,6
gradually,6
gravity,6
habits,6
hawaii,6
highlight,6
holder,6
identical,6
imperial,6
investigations,6
legally,6
listened,6
manufacturer,6
meters,6
negotiations,6
nonsense,6
ontario,6
operational,6
orleans,6
phoenix,6
playoffs,6
quoted,6
relating,6
repeatedly,6
robinson,6
rolled,6
scientist,6
slavery,6
swedish,6
tennessee,6
transaction,6
transformation,6
veteran,6
vulnerable,6
wealthy,6
additionally,6
attract,6
barbara,6
blowing,6
bronze,6
caring,6
catching,6
cheating,6
chronic,6
cleared,6
communicate,6
convicted,6
cultures,6
delayed,6
demonstrate,6
departments,6
depend,6
developer,6
diagnosis,6
dismissed,6
distinguished,6
eighth,6
experiments,6
generous,6
germans,6
implement,6
incorporated,6
influenced,6
jerusalem,6
kidding,6
marijuana,6
mentally,6
missions,6
occupation,6
opponent,6
paintings,6
patience,6
pointing,6
pollution,6
precisely,6
prisoner,6
privilege,6
proposals,6
protests,6
regards,6
relatives,6
resist,6
solely,6
stepped,6
striking,6
terrorists,6
tourist,6
transit,6
trucks,6
trusted,6
vessels,6
volumes,6
websites,6
wireless,6
wondered,6
wright,6
airlines,6
alaska,6
albums,6
anytime,6
bacteria,6
beings,6
beside,6
bottles,6
census,6
christianity,6
coastal,6
colored,6
commentary,6
confusion,6
congressional,6
customs,6
dealer,6
deemed,6
destiny,6
distant,6
electronics,6
emerging,6
emotion,6
emphasis,6
ethics,6
excitement,6
exploration,6
fights,6
filling,6
filming,6
glasgow,6
graphics,6
insight,6
invested,6
jennifer,6
louisiana,6
mississippi,6
netflix,6
nightmare,6
operators,6
overnight,6
partially,6
participating,6
platforms,6
populations,6
poster,6
practically,6
preserve,6
produces,6
qualify,6
ranging,6
ranking,6
receives,6
respective,6
restricted,6
routes,6
samuel,6
scenario,6
situated,6
slaves,6
spotted,6
spreading,6
stanley,6
sustainable,6
sustained,6
themes,6
threatening,6
tobacco,6
trapped,6
turner,6
uncomfortable,6
wasted,6
weakness,6
widespread,6
accepting,6
accessible,6
acknowledge,6
advised,6
advisory,6
animation,6
assignment,6
balanced,6
basement,6
battles,6
birmingham,6
cancel,6
carpet,6
ceiling,6
cherry,6
classification,6
collapse,6
collecting,6
compound,6
conscious,6
consecutive,6
contents,6
costume,6
deleted,6
devoted,6
displayed,6
dominated,6
endless,6
escaped,6
examine,6
floating,6
garbage,6
gospel,6
heating,6
identification,6
metropolitan,6
mixture,6
nominated,6
parliamentary,6
patent,6
perception,6
physician,6
portland,6
proceed,6
proceedings,6
pupils,6
reserved,6
restore,6
runner,6
shoulders,6
significance,6
stored,6
stressed,6
structural,6
tropical,6
ukrainian,6
unnecessary,6
victor,6
vintage,6
warned,6
watson,6
adapted,6
adoption,6
anonymous,6
antonio,6
approaching,6
artistic,6
attendance,6
aviation,6
barrel,6
beloved,6
boxing,6
celebrating,6
charging,6
chemicals,6
cinema,6
colonial,6
comics,6
compliance,6
contrary,6
controlling,6
corporations,6
decrease,6
defeated,6
diabetes,6
dressing,6
expanding,6
gentle,6
grammar,6
illustrated,6
invented,6
jessica,6
layers,6
licensed,6
loyalty,6
madison,6
magnetic,6
metres,6
monsters,6
mysterious,6
notion,6
partial,6
placing,6
propaganda,6
reflection,6
reminded,6
resolve,6
revolutionary,6
scandal,6
simultaneously,6
substitute,6
surveillance,6
tactics,6
testimony,6
treasure,6
trophy,6
underlying,6
unfair,6
villages,6
acceptance,6
accidents,6
affects,6
annually,6
apologize,6
appreciated,6
approached,6
arriving,6
benjamin,6
bubble,6
buyers,6
casino,6
charts,6
clouds,6
connecting,6
counsel,6
creature,6
deadly,6
decides,6
desired,6
determination,6
embrace,6
emerged,6
exhibit,6
gentleman,6
halloween,6
hammer,6
hitler,6
hosting,6
imposed,6
indigenous,6
infinite,6
installation,6
interactions,6
introducing,6
iranian,6
kicking,6
laying,6
legislature,6
liability,6
makers,6
manhattan,6
marathon,6
marvel,6
michelle,6
moreover,6
organisations,6
parade,6
paradise,6
perceived,6
planes,6
politician,6
preliminary,6
premiere,6
presidency,6
reaches,6
realistic,6
remarks,6
retain,6
roberts,6
russians,6
saints,6
satisfaction,6
scratch,6
sheets,6
sheriff,6
sometime,6
spirits,6
sporting,6
strictly,6
sunshine,6
travelling,6
vancouver,6
warrior,6
worries,6
accomplished,6
admission,6
adventures,6
appearing,6
barrier,6
belgium,6
believing,6
blacks,6
casting,6
cattle,6
classroom,6
collins,6
colours,6
compromise,6
convenient,6
criminals,6
earthquake,6
elderly,6
eliminate,6
embarrassing,6
farmer,6
finest,6
grants,6
harbor,6
harvey,6
incidents,6
inform,6
jeremy,6
lesbian,6
lovers,6
mathematics,6
medication,6
minded,6
morris,6
norway,6
podcast,6
portfolio,6
productivity,6
promoted,6
protocol,6
quietly,6
rachel,6
replacing,6
responsibilities,6
scholarship,6
screening,6
smiling,6
southeast,6
stating,6
strain,6
suspected,6
tackle,6
tigers,6
timeline,6
torture,6
traded,6
translated,6
tricks,6
urgent,6
vegetables,6
vertical,6
violation,6
wallet,6
workshop,6
wrapped,6
aboard,6
abstract,6
accent,6
addiction,6
associates,6
binding,6
buffalo,6
commons,6
conservatives,6
contacts,6
conviction,6
corrupt,6
depressed,6
deserved,6
dining,6
disorders,6
duration,6
encouraging,6
fifteen,6
graduated,6
grandmother,6
heights,6
immune,6
inflation,6
ingredients,6
inspection,6
install,6
instruction,6
intensity,6
inventory,6
investigated,6
invitation,6
judicial,6
justify,6
lecture,6
libraries,6
logical,6
meaningful,6
migration,6
missile,6
motivated,6
muscles,6
norman,6
northwest,6
nurses,6
patrol,6
pepper,6
provision,6
releasing,6
requiring,6
revised,6
scream,6
stairs,6
staring,6
statistical,6
sticks,6
strangers,6
succeeded,6
switched,6
syrian,6
tattoo,6
teenage,6
thunder,6
tragedy,6
trauma,6
vincent,6
wrestling,6
accordance,6
acquire,6
activist,6
activists,6
addresses,6
applicable,6
availability,6
boundary,6
breach,6
chancellor,6
cheers,6
circles,6
closet,6
combine,6
companion,6
comparing,6
consciousness,6
consultant,6
controller,6
corresponding,6
courtesy,6
damages,6
demanding,6
dishes,6
dozens,6
embassy,6
engaging,6
fascinating,6
financing,6
fitted,6
flexible,6
gaining,6
gentlemen,6
goodness,6
helicopter,6
homework,6
households,6
iconic,6
infected,6
lesser,6
liberals,6
mandatory,6
manufactured,6
mechanics,6
miracle,6
murphy,6
nathan,6
observation,6
operates,6
permitted,6
phenomenon,6
pittsburgh,6
playoff,6
precise,6
profession,6
prospect,6
protective,6
providers,6
publisher,6
reportedly,6
retreat,6
rookie,6
sandwich,6
sentences,6
separation,6
sexually,6
skilled,6
sterling,6
stuart,6
surgeon,6
understands,6
washing,6
adjacent,6
agreements,6
appreciation,6
arabia,6
athletic,6
authorized,6
banner,6
beijing,6
blocking,6
caribbean,6
chasing,6
climbing,6
colony,6
complaining,6
cookies,6
curriculum,6
deadline,6
demanded,6
divide,6
easter,6
electoral,6
eleven,6
entity,6
excessive,6
exercises,6
feminist,6
governing,6
interface,6
jewelry,6
journalism,6
jungle,6
linear,6
occasional,6
oriented,6
pilots,6
prayers,6
predicted,6
pressed,6
preventing,6
provisions,6
pursuit,6
reflected,6
reminder,6
restored,6
resume,6
richmond,6
samsung,6
scholars,6
sealed,6
sounded,6
streams,6
strongest,6
unfortunate,6
variable,6
victorian,6
worrying,6
adjusted,6
alternate,6
arrives,6
artwork,6
ashley,6
athlete,6
attraction,6
bankruptcy,6
capabilities,6
catherine,6
chains,6
closure,6
cognitive,6
competitors,6
connecticut,6
convert,6
cooked,6
deciding,6
defender,6
dental,6
diplomatic,6
divisions,6
editorial,6
enabled,6
entertaining,6
establishing,6
eternal,6
freeze,6
generic,6
grandma,6
handful,6
happily,6
harmony,6
humble,6
hurting,6
hybrid,6
intentions,6
investing,6
keyboard,6
lasting,6
locally,6
minimal,6
mixing,6
molecular,6
nearest,6
neighbor,6
nowadays,6
openly,6
overview,6
palestinian,6
parish,6
pathetic,6
possibilities,6
potato,6
potter,6
preference,6
promising,6
proportion,6
purchases,6
reflects,6
respected,6
restoration,6
selfish,6
sergeant,6
throne,6
warner,6
wasting,6
advantages,6
archives,6
assisted,6
breakdown,6
bridges,6
brutal,6
calculated,6
centres,6
chapters,6
citizenship,6
civilians,6
conflicts,6
consensus,6
cycling,6
declaration,6
dennis,6
distinction,6
donations,6
dragons,6
examined,6
facial,6
faithful,6
fitting,6
genuinely,6
hardest,6
holland,6
honored,6
hunger,6
hurricane,6
implications,6
import,6
innovative,6
jurisdiction,6
laughter,6
lifted,6
loading,6
matching,6
mighty,6
monetary,6
novels,6
nutrition,6
outcomes,6
poorly,6
portugal,6
proteins,6
provider,6
publish,6
purely,6
rental,6
resolved,6
rewards,6
seemingly,6
senators,6
severely,6
shocking,6
southwest,6
studios,6
survivors,6
technically,6
titled,6
traditions,6
unlimited,6
washed,6
watches,6
advise,6
anxious,6
appearances,6
bombing,6
carlos,6
challenged,6
cigarettes,6
consisting,6
dakota,6
darling,6
delighted,6
delivering,6
destroying,6
disagree,6
disappear,6
earliest,6
entries,6
evolved,6
exports,6
fixing,6
forecast,6
governance,6
heated,6
importantly,6
indicating,6
indoor,6
influential,6
intend,6
invisible,6
lasted,6
lawsuit,6
lighter,6
marcus,6
mentions,6
musicians,6
passionate,6
potatoes,6
prevented,6
receiver,6
recommendation,6
rogers,6
roster,6
sentenced,6
servant,6
statue,6
surprisingly,6
surrender,6
suspicious,6
teenager,6
tender,6
thoroughly,6
treatments,6
tweeted,6
vacuum,6
variations,6
acknowledged,6
advances,6
agrees,6
allegations,6
anticipated,6
approve,6
architect,6
beneficial,6
bleeding,6
breeding,6
broadway,6
butler,6
careers,6
cartoon,6
celebrities,6
comparable,6
confirmation,6
console,6
contractor,6
contributing,6
diameter,6
dublin,6
dynamics,6
elephant,6
enhanced,6
essays,6
exhausted,6
fabric,6
fabulous,6
fathers,6
focuses,6
frustrated,6
gambling,6
gently,6
glorious,6
harrison,6
historically,6
hughes,6
inevitable,6
investigating,6
labels,6
lacking,6
laughs,6
layout,6
merchant,6
nintendo,6
objectives,6
obsessed,6
organised,6
overwhelming,6
particles,6
pastor,6
penalties,6
permanently,6
pockets,6
poison,6
predict,6
presenting,6
presidents,6
pressing,6
prints,6
provincial,6
realised,6
repairs,6
rotation,6
separately,6
shaking,6
societies,6
solved,6
starring,6
struggles,6
subtle,6
tastes,6
throws,6
tragic,6
trainer,6
transformed,6
unbelievable,6
underneath,6
variation,6
viewing,6
warehouse,6
adjust,6
administrator,6
affecting,6
allied,6
altogether,6
animated,6
answering,6
assess,6
assumption,6
assured,6
austria,6
avoided,6
avoiding,6
basket,6
blanket,6
brains,6
bucket,6
burger,6
capability,6
charming,6
chiefs,6
commented,6
computing,6
concentrate,6
conducting,6
consequence,6
continent,6
cookie,6
displays,6
emissions,6
ethical,6
excellence,6
forests,6
freely,6
fruits,6
grabbed,6
graduation,6
horizon,6
hostile,6
imagined,6
inhabitants,6
legends,6
magazines,6
matrix,6
measuring,6
miserable,6
momentum,6
monkey,6
montreal,6
motorcycle,6
nationwide,6
newcastle,6
nicely,6
nomination,6
notable,6
obligation,6
optical,6
outlook,6
preserved,6
programmes,6
prospects,6
publishers,6
quantity,6
quantum,6
rainbow,6
rebels,6
recognised,6
responding,6
retained,6
sectors,6
shorts,6
specialized,6
spencer,6
submission,6
supporter,6
testament,6
tremendous,6
valued,6
wounds,6
accommodation,6
achievements,6
addressing,6
adorable,6
allegedly,6
ambulance,6
ashamed,6
assure,6
bailey,6
ballot,6
batteries,6
blessing,6
cemetery,6
chambers,6
cigarette,6
compact,6
completing,6
consulting,6
cooling,6
corners,6
deficit,6
demonstration,6
detected,6
detection,6
donated,6
elaborate,6
encountered,6
expertise,6
exploring,6
filmed,6
grocery,6
guided,6
guinea,6
halfway,6
happier,6
holmes,6
independently,6
indication,6
insisted,6
instances,6
intensive,6
interactive,6
intimate,6
laundry,6
lifting,6
martial,6
nigerian,6
northeast,6
observe,6
packing,6
panels,6
password,6
pokemon,6
politically,6
presumably,6
pretending,6
priorities,6
pronounced,6
prosecution,6
proves,6
purchasing,6
qualities,6
queens,6
rational,6
reforms,6
revenues,6
ripped,6
shadows,6
sierra,6
smartphone,6
specified,6
spectacular,6
streak,6
subscription,6
switching,6
technological,6
temporarily,6
tolerance,6
tourists,6
traditionally,6
traveled,6
treats,6
unhappy,6
whites,6
accomplish,6
adequate,6
apology,6
arkansas,6
attributed,6
belonging,6
booked,6
bowling,6
clarke,6
comeback,6
declare,6
designers,6
detect,6
diagnosed,6
diesel,6
dimensions,6
disturbing,6
doesnt,6
dresses,6
effectiveness,6
eliminated,6
embarrassed,6
exceptional,6
filing,6
frankly,6
freezing,6
hannah,6
hatred,6
ignorant,6
influences,6
interact,6
judging,6
knights,6
limitations,6
majesty,6
measurement,6
measurements,6
median,6
medieval,6
mobility,6
montana,6
murders,6
orientation,6
passport,6
planets,6
proceeds,6
rabbit,6
raises,6
ranges,6
retire,6
rhythm,6
savage,6
servers,6
shooter,6
siblings,6
someday,6
sophisticated,6
speeds,6
stance,6
static,6
subway,6
supportive,6
surgical,6
symbols,6
tablet,6
thesis,6
travels,6
wallace,6
warfare,6
warming,6
weekends,6
withdraw,6
withdrawal,6
youngest,6
airline,6
alternatives,6
anyways,6
argues,6
authentic,6
backwards,6
blonde,6
brooks,6
clearing,6
collar,6
columbus,6
comply,6
counted,6
crashed,6
creepy,6
denmark,6
divorced,6
donate,6
drawings,6
editors,6
edwards,6
emotionally,6
enhance,6
experiencing,6
extending,6
finale,6
flavor,6
floors,6
freaking,6
gloves,6
harper,6
ignorance,6
ignoring,6
immigrant,6
induced,6
inspiring,6
intermediate,6
invention,6
joking,6
likewise,6
lineup,6
magnificent,6
mathematical,6
meantime,6
nevada,6
newest,6
nonetheless,6
opposing,6
origins,6
orlando,6
physicians,6
pipeline,6
placement,6
planted,6
pricing,6
puerto,6
questioning,6
recreation,6
renewed,6
resigned,6
shallow,6
shanghai,6
shitty,6
sketch,6
smells,6
sponsor,6
strengthen,6
strings,6
sunset,6
taiwan,6
thanksgiving,6
thermal,6
trades,6
transform,6
witnessed,6
workplace,6
yelling,6
yorkshire,6
achieving,6
aliens,6
amsterdam,6
analyst,6
arabic,6
arctic,6
assists,6
bennett,6
bristol,6
calories,6
cannabis,6
championships,6
chapel,6
conferences,6
considers,6
container,6
cowboys,6
crushed,6
deployed,6
differ,6
dimensional,6
elevated,6
essence,6
executives,6
flames,6
harold,6
harvest,6
headline,6
hudson,6
identifying,6
impacts,6
insist,6
kidney,6
ladder,6
mechanisms,6
mineral,6
modest,6
motors,6
navigation,6
nicholas,6
paragraph,6
passive,6
peninsula,6
phillips,6
portuguese,6
profitable,6
provinces,6
reasonably,6
reject,6
remainder,6
schemes,6
screens,6
seized,6
semester,6
sentiment,6
servants,6
shipped,6
suited,6
supplement,6
surviving,6
thereby,6
threshold,6
tribal,6
tribes,6
uncertainty,6
vampire,6
varied,6
verdict,6
abandon,6
accommodate,6
accordingly,6
aesthetic,6
algorithm,6
altered,6
anchor,6
angela,6
associations,6
audiences,6
bernard,6
bizarre,6
bounce,6
broadcasting,6
bullets,6
cannon,6
carriers,6
chairs,6
cleaned,6
complexity,6
confusing,6
consultation,6
continental,6
convenience,6
deliberately,6
diamonds,6
dictionary,6
dignity,6
dimension,6
disappointing,6
diving,6
duncan,6
enthusiasm,6
environments,6
equation,6
extract,6
favorites,6
fisher,6
flexibility,6
flowing,6
fridge,6
functioning,6
fusion,6
graduates,6
helmet,6
holders,6
ideology,6
idiots,6
inclusion,6
initiatives,6
innings,6
insects,6
instructor,6
isolation,6
justified,6
keeper,6
machinery,6
mansion,6
mercury,6
namely,6
needing,6
nerves,6
observations,6
ordering,6
palmer,6
pending,6
platinum,6
possess,6
praised,6
premises,6
probability,6
questioned,6
refuses,6
resignation,6
ritual,6
stakes,6
starter,6
sticking,6
subscribe,6
superman,6
surfaces,6
territories,6
towers,6
transfers,6
utterly,6
voltage,6
workout,6
activated,6
adaptation,6
advisor,6
aluminum,6
apartments,6
attitudes,6
attorneys,6
barriers,6
belonged,6
bradley,6
brandon,6
broader,6
caroline,6
characterized,6
civilization,6
congrats,6
contractors,6
